date,season,stage,match_number,Team 1,Team 2,city,venue,Team 1 Players,Team 2 Players,toss winner,decision from toss,Umpire 1,Umpire 2,tv_umpires,reserve_umpires,match_referees,winner,loser,won by (runs),won by (wickets),was result?,used D/L,player_of_match
2014-03-23,2013/14,Group A,1.0,Australia,New Zealand,,Sylhet Stadium,"['EJ Villani', 'AJ Healy', 'MM Lanning', 'JE Cameron', 'AJ Blackwell', 'EA Perry', 'JL Jonassen', 'EA Osborne', 'SJ Coyte', 'RM Farrell', 'HL Ferling']","['SW Bates', 'FL Mackay', 'SJ McGlashan', 'KT Perkins', 'RH Priest', 'NJ Browne', 'KJ Martin', 'ML Green', 'HNK Jensen', 'HR Huddleston', 'MJG Nielsen']",Australia,field,M Erasmus,IJ Gould,,REJ Martinesz,DC Boon,New Zealand,Australia,7.0,,,,NJ Browne
2014-03-24,2013/14,Group B,3.0,England,West Indies,,Sylhet Stadium,"['CM Edwards', 'SJ Taylor', 'LS Greenway', 'NR Sciver', 'TT Beaumont', 'HC Knight', 'JL Gunn', 'D Hazell', 'A Shrubsole', 'JM Dibble', 'RL Grundy']","['Kycia A Knight', 'SR Taylor', 'DJS Dottin', 'Kyshona A Knight', 'MR Aguilleira', 'SA Campbelle', 'SL Quintyne', 'SF Daley', 'A Mohammed', 'TD Smartt', 'SC Selman']",England,field,SJ Davis,REJ Martinesz,,BF Bowden,DC Boon,West Indies,England,9.0,,,,DJS Dottin
2014-03-24,2013/14,Group B,4.0,India,Sri Lanka,,Sylhet Stadium,"['M Raj', 'S Mandhana', 'PG Raut', 'J Goswami', 'H Kaur', 'S Pandey', 'Soniya Dabir', 'A Das', 'KV Jain', 'Poonam Yadav', 'G Sultana']","['AC Jayangani', 'BYA Mendis', 'HMD Rasangika', 'HASD Siriwardene', 'LE Kaushalya', 'OU Ranasinghe', 'PRCS Kumarihami', 'KDU Prabodhani', 'HAM Samuddika', 'I Ranaweera', 'RS Vandort']",Sri Lanka,bat,BF Bowden,BNJ Oxenford,,SJ Davis,DC Boon,Sri Lanka,India,22.0,,,,KDU Prabodhani
2014-03-25,2013/14,Group A,5.0,Ireland,New Zealand,,Sylhet Stadium,"['CMA Shillington', 'ELC Flanagan', 'IMHC Joyce', 'EJ Tice', 'CNIM Joyce', 'MEMO Scott-Hayward', 'LN McCarthy', 'MV Waldron', 'L Delany', ""LK O'Reilly"", 'EAJ Richardson']","['SW Bates', 'FL Mackay', 'SJ McGlashan', 'RH Priest', 'NJ Browne', 'KT Perkins', 'KJ Martin', 'ML Green', 'HNK Jensen', 'HR Huddleston', 'MJG Nielsen']",New Zealand,bat,M Erasmus,IJ Gould,,REJ Martinesz,RS Mahanama,New Zealand,Ireland,42.0,,,,SW Bates
2014-03-26,2013/14,Group B,7.0,Bangladesh,West Indies,,Sylhet Stadium,"['Ayasha Rahman', 'Sanjida Islam', 'Salma Khatun', 'Fargana Hoque', 'Rumana Ahmed', 'Nuzhat Tasnia', 'Lata Mondal', 'Panna Ghosh', 'Fahima Khatun', 'Jahanara Alam', 'Khadija Tul Kubra']","['Kycia A Knight', 'SL Quintyne', 'Kyshona A Knight', 'DJS Dottin', 'MR Aguilleira', 'SACA King', 'SA Campbelle', 'A Mohammed', 'TD Smartt', 'SC Selman', 'SF Daley']",West Indies,bat,BF Bowden,IJ Gould,,M Erasmus,RS Mahanama,West Indies,Bangladesh,36.0,,,,SL Quintyne
2014-03-26,2013/14,Group B,8.0,England,India,,Sylhet Stadium,"['SJ Taylor', 'CM Edwards', 'TT Beaumont', 'LS Greenway', 'NR Sciver', 'HC Knight', 'JL Gunn', 'GA Elwiss', 'D Hazell', 'A Shrubsole', 'RL Grundy']","['M Raj', 'S Mandhana', 'L Kumari', 'S Pandey', 'KV Jain', 'H Kaur', 'SK Naidu', 'J Goswami', 'Soniya Dabir', 'Poonam Yadav', 'G Sultana']",India,bat,M Erasmus,REJ Martinesz,,BF Bowden,RS Mahanama,England,India,,5.0,,,A Shrubsole
2014-03-27,2013/14,Group A,10.0,New Zealand,Pakistan,,Sylhet Stadium,"['SW Bates', 'SFM Devine', 'SJ McGlashan', 'RH Priest', 'KT Perkins', 'NJ Browne', 'KJ Martin', 'HNK Jensen', 'FL Mackay', 'MJG Nielsen', 'FC Leydon-Davis']","['Javeria Khan', 'Nain Abidi', 'Nida Dar', 'Bismah Maroof', 'Sana Mir', 'Nahida Khan', 'Asmavia Iqbal', 'Qanita Jalil', 'Batool Fatima', 'Sumaiya Siddiqi', 'Sadia Yousuf']",New Zealand,bat,REJ Martinesz,PR Reiffel,,S Ravi,J Srinath,New Zealand,Pakistan,59.0,,,,SW Bates
2014-03-28,2013/14,Group B,12.0,Sri Lanka,West Indies,,Sylhet Stadium,"['AC Jayangani', 'BYA Mendis', 'SS Weerakkody', 'HASD Siriwardene', 'PRCS Kumarihami', 'LE Kaushalya', 'OU Ranasinghe', 'KDU Prabodhani', 'I Ranaweera', 'HAM Samuddika', 'RS Vandort']","['Kycia A Knight', 'SR Taylor', 'DJS Dottin', 'SA Campbelle', 'SACA King', 'SL Quintyne', 'A Mohammed', 'SF Daley', 'TD Smartt', 'SC Selman', 'MR Aguilleira']",Sri Lanka,bat,RK Illingworth,NJ Llong,,PR Reiffel,RS Mahanama,West Indies,Sri Lanka,,8.0,,,SF Daley
2014-03-29,2013/14,Group A,13.0,Ireland,South Africa,,Sylhet Stadium,"['CMA Shillington', 'MV Waldron', 'IMHC Joyce', 'MEMO Scott-Hayward', 'EJ Tice', 'J Gray', 'EAJ Richardson', 'LN McCarthy', 'K McKenna', 'AJ Kenealy', 'CNIM Joyce']","['L Lee', 'D van Niekerk', 'M du Preez', 'M Kapp', 'CL Tryon', 'S Luus', 'T Chetty', 'Y van der Westhuizen', 'S Loubser', 'S Ismail', 'MM Letsoalo']",South Africa,bat,RK Illingworth,PR Reiffel,,NJ Llong,J Srinath,South Africa,Ireland,86.0,,,,CL Tryon
2014-03-29,2013/14,Group A,14.0,Australia,Pakistan,,Sylhet Stadium,"['AJ Healy', 'EJ Villani', 'MM Lanning', 'EA Perry', 'JE Cameron', 'AJ Blackwell', 'JL Jonassen', 'EA Osborne', 'SJ Coyte', 'RM Farrell', 'HL Ferling']","['Javeria Khan', 'Bismah Maroof', 'Nida Dar', 'Sana Mir', 'Asmavia Iqbal', 'Nahida Khan', 'Sidra Ameen', 'Batool Fatima', 'Sania Khan', 'Sadia Yousuf', 'Anam Amin']",Australia,bat,NJ Llong,S Ravi,,RK Illingworth,J Srinath,Australia,Pakistan,94.0,,,,EJ Villani
2014-03-30,2013/14,Group B,15.0,Bangladesh,India,,Sylhet Stadium,"['Ayasha Rahman', 'Fargana Hoque', 'Salma Khatun', 'Rumana Ahmed', 'Lata Mondal', 'Nuzhat Tasnia', 'Shaila Sharmin', 'Panna Ghosh', 'Fahima Khatun', 'Jahanara Alam', 'Khadija Tul Kubra']","['M Raj', 'H Kaur', 'J Goswami', 'Soniya Dabir', 'S Sharma', 'PG Raut', 'A Das', 'KV Jain', 'Poonam Yadav', 'M Mehta', 'G Sultana']",India,bat,REJ Martinesz,PR Reiffel,,BF Bowden,RS Mahanama,India,Bangladesh,79.0,,,,H Kaur
2014-03-30,2013/14,Group B,16.0,England,Sri Lanka,,Sylhet Stadium,"['SJ Taylor', 'CM Edwards', 'HC Knight', 'LS Greenway', 'NR Sciver', 'AE Jones', 'JL Gunn', 'GA Elwiss', 'D Hazell', 'A Shrubsole', 'RL Grundy']","['AC Jayangani', 'BYA Mendis', 'HMD Rasangika', 'HASD Siriwardene', 'PRCS Kumarihami', 'LE Kaushalya', 'SS Weerakkody', 'KDU Prabodhani', 'I Ranaweera', 'HAM Samuddika', 'RS Vandort']",Sri Lanka,bat,BF Bowden,S Ravi,,PR Reiffel,RS Mahanama,England,Sri Lanka,,7.0,,,A Shrubsole
2014-03-31,2013/14,Group A,17.0,Ireland,Pakistan,,Sylhet Stadium,"['CMA Shillington', 'MV Waldron', 'IMHC Joyce', 'EJ Tice', 'MEMO Scott-Hayward', 'CNIM Joyce', 'J Gray', 'EAJ Richardson', 'LN McCarthy', 'AJ Kenealy', ""LK O'Reilly""]","['Javeria Khan', 'Nain Abidi', 'Nida Dar', 'Qanita Jalil', 'Bismah Maroof', 'Sana Mir', 'Nahida Khan', 'Asmavia Iqbal', 'Batool Fatima', 'Sumaiya Siddiqi', 'Anam Amin']",Pakistan,bat,BF Bowden,RK Illingworth,,REJ Martinesz,J Srinath,Pakistan,Ireland,14.0,,,,Bismah Maroof
2014-03-31,2013/14,Group A,18.0,New Zealand,South Africa,,Sylhet Stadium,"['SW Bates', 'SFM Devine', 'SJ McGlashan', 'KT Perkins', 'RH Priest', 'NJ Browne', 'KJ Martin', 'FL Mackay', 'ML Green', 'HNK Jensen', 'MJG Nielsen']","['L Lee', 'D van Niekerk', 'T Chetty', 'M du Preez', 'M Kapp', 'CL Tryon', 'SA Fritz', 'S Luus', 'S Ismail', 'S Loubser', 'M Daniels']",New Zealand,bat,NJ Llong,REJ Martinesz,,RK Illingworth,J Srinath,South Africa,New Zealand,,5.0,,,M du Preez
2014-04-01,2013/14,Group B,19.0,Bangladesh,Sri Lanka,,Sylhet Stadium,"['Ayasha Rahman', 'Sharmin Akhter', 'Salma Khatun', 'Lata Mondal', 'Rumana Ahmed', 'Sanjida Islam', 'Shamima Sultana', 'Fahima Khatun', 'Shohely Akhter', 'Panna Ghosh', 'Jahanara Alam']","['BYA Mendis', 'GWHM Perera', 'AC Jayangani', 'HASD Siriwardene', 'PRCS Kumarihami', 'LE Kaushalya', 'SS Weerakkody', 'KDU Prabodhani', 'HAM Samuddika', 'HHC Gunaratne', 'RS Vandort']",Bangladesh,bat,NJ Llong,S Ravi,,PR Reiffel,RS Mahanama,Bangladesh,Sri Lanka,3.0,,,,Rumana Ahmed
2014-04-01,2013/14,Group B,20.0,India,West Indies,,Sylhet Stadium,"['M Raj', 'PG Raut', 'S Mandhana', 'H Kaur', 'J Goswami', 'SK Naidu', 'KV Jain', 'A Das', 'S Sharma', 'Poonam Yadav', 'G Sultana']","['Kycia A Knight', 'SR Taylor', 'DJS Dottin', 'SACA King', 'SA Campbelle', 'Kyshona A Knight', 'CA Henry', 'A Mohammed', 'SC Selman', 'TD Smartt', 'SF Daley']",West Indies,bat,RK Illingworth,PR Reiffel,,NJ Llong,RS Mahanama,India,West Indies,,9.0,,,PG Raut
2014-04-02,2013/14,Play-Off,,New Zealand,Sri Lanka,,Sylhet Stadium,"['SW Bates', 'SFM Devine', 'SJ McGlashan', 'KT Perkins', 'RH Priest', 'NJ Browne', 'KJ Martin', 'SRH Curtis', 'FL Mackay', 'MJG Nielsen', 'FC Leydon-Davis']","['BYA Mendis', 'PRCS Kumarihami', 'AC Jayangani', 'HASD Siriwardene', 'OU Ranasinghe', 'LE Kaushalya', 'SS Weerakkody', 'KDU Prabodhani', 'I Ranaweera', 'HHC Gunaratne', 'RS Vandort']",Sri Lanka,bat,NJ Llong,S Ravi,,RK Illingworth,J Srinath,New Zealand,Sri Lanka,,6.0,,,RH Priest
2014-04-02,2013/14,Play-Off,,India,Pakistan,,Sylhet Stadium,"['PG Raut', 'S Mandhana', 'M Raj', 'J Goswami', 'S Pandey', 'Soniya Dabir', 'Poonam Yadav', 'S Sharma', 'KV Jain', 'SK Naidu', 'G Sultana']","['Javeria Khan', 'Nain Abidi', 'Nahida Khan', 'Qanita Jalil', 'Bismah Maroof', 'Sana Mir', 'Sania Khan', 'Asmavia Iqbal', 'Nida Dar', 'Batool Fatima', 'Anam Amin']",India,bat,BF Bowden,RK Illingworth,,PR Reiffel,J Srinath,India,Pakistan,6.0,,,,Soniya Dabir
2014-04-03,2013/14,Semi Final,,Australia,West Indies,Mirpur,Shere Bangla National Stadium,"['EJ Villani', 'JL Jonassen', 'MM Lanning', 'EA Perry', 'AJ Blackwell', 'JE Cameron', 'AJ Healy', 'EA Osborne', 'SJ Coyte', 'RM Farrell', 'JL Hunter']","['Kycia A Knight', 'SR Taylor', 'DJS Dottin', 'SACA King', 'MR Aguilleira', 'SA Campbelle', 'SL Quintyne', 'A Mohammed', 'SF Daley', 'SC Selman', 'TD Smartt']",Australia,bat,Aleem Dar,M Erasmus,HDPK Dharmasena,IJ Gould,RS Madugalle,Australia,West Indies,8.0,,,,EA Osborne
2014-04-03,2013/14,7th Place Play-Off,,Pakistan,Sri Lanka,,Sylhet Stadium,"['Javeria Khan', 'Marina Iqbal', 'Nida Dar', 'Bismah Maroof', 'Sana Mir', 'Asmavia Iqbal', 'Qanita Jalil', 'Sidra Ameen', 'Batool Fatima', 'Sania Khan', 'Anam Amin']","['BYA Mendis', 'PRCS Kumarihami', 'AC Jayangani', 'HASD Siriwardene', 'GWHM Perera', 'LE Kaushalya', 'OU Ranasinghe', 'KDU Prabodhani', 'NND de Silva', 'I Ranaweera', 'RS Vandort']",Pakistan,bat,NJ Llong,PR Reiffel,,RK Illingworth,J Srinath,Pakistan,Sri Lanka,14.0,,,,Bismah Maroof
2014-04-03,2013/14,9th Place Play-Off,,Bangladesh,Ireland,,Sylhet Stadium,"['Ayasha Rahman', 'Sharmin Akhter', 'Salma Khatun', 'Lata Mondal', 'Rumana Ahmed', 'Shaila Sharmin', 'Fahima Khatun', 'Shamima Sultana', 'Panna Ghosh', 'Jahanara Alam', 'Khadija Tul Kubra']","['CMA Shillington', 'MV Waldron', 'IMHC Joyce', 'EJ Tice', 'CNIM Joyce', 'MEMO Scott-Hayward', 'J Gray', 'L Delany', 'LN McCarthy', 'AJ Kenealy', ""LK O'Reilly""]",Bangladesh,bat,RK Illingworth,S Ravi,,BF Bowden,J Srinath,Bangladesh,Ireland,17.0,,,,Panna Ghosh
2014-04-04,2013/14,Semi Final,,England,South Africa,Mirpur,Shere Bangla National Stadium,"['SJ Taylor', 'CM Edwards', 'HC Knight', 'LS Greenway', 'NR Sciver', 'AE Jones', 'TT Beaumont', 'JL Gunn', 'D Hazell', 'A Shrubsole', 'RL Grundy']","['L Lee', 'D van Niekerk', 'T Chetty', 'Y van der Westhuizen', 'M du Preez', 'M Kapp', 'CL Tryon', 'S Luus', 'S Ismail', 'S Loubser', 'M Daniels']",England,field,SJ Davis,BNJ Oxenford,RJ Tucker,Aleem Dar,DC Boon,England,South Africa,,9.0,,,A Shrubsole
2014-04-06,2013/14,Final,,Australia,England,Mirpur,Shere Bangla National Stadium,"['EJ Villani', 'JL Jonassen', 'MM Lanning', 'EA Perry', 'AJ Blackwell', 'JE Cameron', 'AJ Healy', 'EA Osborne', 'SJ Coyte', 'RM Farrell', 'JL Hunter']","['SJ Taylor', 'CM Edwards', 'HC Knight', 'LS Greenway', 'NR Sciver', 'AE Jones', 'TT Beaumont', 'JL Gunn', 'D Hazell', 'A Shrubsole', 'RL Grundy']",Australia,field,Aleem Dar,M Erasmus,BF Bowden,S Ravi,RS Madugalle,Australia,England,,6.0,,,SJ Coyte
2016-03-15,2015/16,Group B,1.0,India,Bangladesh,Bangalore,M Chinnaswamy Stadium,"['M Raj', 'VR Vanitha', 'S Mandhana', 'H Kaur', 'V Krishnamurthy', 'AA Patil', 'J Goswami', 'S Pandey', 'S Verma', 'Poonam Yadav', 'RS Gayakwad']","['Sharmin Akhter', 'Ayasha Rahman', 'Sanjida Islam', 'Rumana Ahmed', 'Nigar Sultana', 'Fahima Khatun', 'Jahanara Alam', 'Salma Khatun', 'Lata Mondal', 'Nahida Akter', 'Khadija Tul Kubra']",Bangladesh,field,Aleem Dar,REJ Martinesz,SD Fry,JD Cloete,JJ Crowe,India,Bangladesh,72.0,,,,H Kaur
2016-03-15,2015/16,Group A,2.0,New Zealand,Sri Lanka,Delhi,Feroz Shah Kotla,"['SW Bates', 'RH Priest', 'SFM Devine', 'SJ McGlashan', 'AE Satterthwaite', 'KJ Martin', 'KT Perkins', 'AM Peterson', 'LM Kasperek', 'LMM Tahuhu', 'MJG Nielsen']","['AC Jayangani', 'BYA Mendis', 'MADD Surangika', 'HASD Siriwardene', 'LE Kaushalya', 'OU Ranasinghe', 'PM Weerakkody', 'KADA Kanchana', 'KDU Prabodhani', 'BMSM Kumari', 'I Ranaweera']",Sri Lanka,bat,MA Gough,C Shamshuddin,,RSA Palliyaguruge,AJ Pycroft,New Zealand,Sri Lanka,,7.0,,,SW Bates
2016-03-16,2015/16,Group B,3.0,Pakistan,West Indies,Chennai,"MA Chidambaram Stadium, Chepauk","['Sidra Ameen', 'Javeria Khan', 'Bismah Maroof', 'Aliya Riaz', 'Muneeba Ali', 'Sana Mir', 'Asmavia Iqbal', 'Nida Dar', 'Sidra Nawaz', 'Sadia Yousuf', 'Anam Amin']","['HK Matthews', 'SR Taylor', 'SL Quintyne', 'DJS Dottin', 'MR Aguilleira', 'B Cooper', 'SACA King', 'SA Campbelle', 'SS Connell', 'ASS Fletcher', 'A Mohammed']",Pakistan,field,AK Chaudhary,K Cross,,CK Nandan,J Srinath,West Indies,Pakistan,4.0,,,,Anam Amin
2016-03-17,2015/16,Group B,4.0,Bangladesh,England,Bangalore,M Chinnaswamy Stadium,"['Sharmin Akhter', 'Ayasha Rahman', 'Fargana Hoque', 'Rumana Ahmed', 'Nigar Sultana', 'Salma Khatun', 'Jahanara Alam', 'Lata Mondal', 'Fahima Khatun', 'Nahida Akter', 'Khadija Tul Kubra']","['CM Edwards', 'TT Beaumont', 'SJ Taylor', 'HC Knight', 'NR Sciver', 'DN Wyatt', 'KH Brunt', 'LS Greenway', 'JL Gunn', 'A Shrubsole', 'D Hazell']",England,bat,SD Fry,REJ Martinesz,JD Cloete,Aleem Dar,JJ Crowe,England,Bangladesh,36.0,,,,CM Edwards
2016-03-18,2015/16,Group A,5.0,Ireland,New Zealand,Chandigarh,"Punjab Cricket Association IS Bindra Stadium, Mohali","['CMA Shillington', 'CNIM Joyce', 'CC Dalton', 'IMHC Joyce', 'L Delany', 'GH Lewis', 'KJ Garth', 'MV Waldron', ""LK O'Reilly"", 'AJ Kenealy', 'CJ Metcalfe']","['SW Bates', 'RH Priest', 'SFM Devine', 'SJ McGlashan', 'AE Satterthwaite', 'KJ Martin', 'KT Perkins', 'LM Kasperek', 'EM Bermingham', 'LMM Tahuhu', 'MJG Nielsen']",New Zealand,bat,VA Kulkarni,CA Polosak,,Navdeep Singh,RB Richardson,New Zealand,Ireland,93.0,,,,SW Bates
2016-03-18,2015/16,Group A,6.0,Australia,South Africa,Nagpur,"Vidarbha Cricket Association Stadium, Jamtha","['EJ Villani', 'AJ Healy', 'EA Perry', 'AJ Blackwell', 'JL Jonassen', 'MM Lanning', 'EA Osborne', 'ML Schutt', 'RM Farrell', 'KM Beams', 'L Cheatle']","['D van Niekerk', 'T Chetty', 'L Lee', 'M du Preez', 'M Kapp', 'S Luus', 'D Devnarain', 'S Ismail', 'M Daniels', 'A Khaka', 'Y Fourie']",South Africa,bat,K Cross,CK Nandan,,AK Chaudhary,J Srinath,Australia,South Africa,,6.0,,,MM Lanning
2016-03-19,2015/16,Group B,7.0,India,Pakistan,Delhi,Feroz Shah Kotla,"['M Raj', 'VR Vanitha', 'S Mandhana', 'H Kaur', 'V Krishnamurthy', 'J Goswami', 'AA Patil', 'S Pandey', 'S Verma', 'Poonam Yadav', 'RS Gayakwad']","['Nahida Khan', 'Sidra Ameen', 'Bismah Maroof', 'Muneeba Ali', 'Iram Javed', 'Asmavia Iqbal', 'Sana Mir', 'Nida Dar', 'Sidra Nawaz', 'Anam Amin', 'Sadia Yousuf']",Pakistan,field,MA Gough,RSA Palliyaguruge,REJ Martinesz,C Shamshuddin,AJ Pycroft,Pakistan,India,2.0,,,True,Anam Amin
2016-03-20,2015/16,Group B,8.0,Bangladesh,West Indies,Chennai,"MA Chidambaram Stadium, Chepauk","['Sanjida Islam', 'Sharmin Akhter', 'Fargana Hoque', 'Salma Khatun', 'Rumana Ahmed', 'Nigar Sultana', 'Jahanara Alam', 'Fahima Khatun', 'Lata Mondal', 'Ritu Moni', 'Nahida Akter']","['HK Matthews', 'SR Taylor', 'B Cooper', 'DJS Dottin', 'SACA King', 'SA Campbelle', 'MR Aguilleira', 'SL Quintyne', 'A Mohammed', 'ASS Fletcher', 'SS Connell']",West Indies,bat,AK Chaudhary,CK Nandan,,K Cross,J Srinath,West Indies,Bangladesh,49.0,,,,SR Taylor
2016-03-20,2015/16,Group A,,Sri Lanka,Ireland,Mohali,"Punjab Cricket Association IS Bindra Stadium, Mohali","['AC Jayangani', 'BYA Mendis', 'MADD Surangika', 'PM Weerakkody', 'OU Ranasinghe', 'H Madavi', 'LE Kaushalya', 'NND de Silva', 'KDU Prabodhani', 'BMSM Kumari', 'I Ranaweera']","['CMA Shillington', 'CNIM Joyce', 'CC Dalton', 'IMHC Joyce', 'L Delany', 'GH Lewis', 'KJ Garth', 'MV Waldron', 'AJ Kenealy', ""LK O'Reilly"", 'CJ Metcalfe']",Sri Lanka,bat,VA Kulkarni,CA Polosak,,Ranjeev Sharma,RB Richardson,Sri Lanka,Ireland,14.0,,,,CJ Metcalfe
2016-03-21,2015/16,Group A,10.0,Australia,New Zealand,Nagpur,"Vidarbha Cricket Association Stadium, Jamtha","['AJ Healy', 'EJ Villani', 'EA Osborne', 'MM Lanning', 'EA Perry', 'AJ Blackwell', 'JL Jonassen', 'BL Mooney', 'ML Schutt', 'KM Beams', 'L Cheatle']","['SW Bates', 'RH Priest', 'SFM Devine', 'SJ McGlashan', 'AE Satterthwaite', 'KJ Martin', 'KT Perkins', 'LM Kasperek', 'EM Bermingham', 'LMM Tahuhu', 'MJG Nielsen']",Australia,bat,RSA Palliyaguruge,C Shamshuddin,MA Gough,N Pandit,AJ Pycroft,New Zealand,Australia,,6.0,,,LM Kasperek
2016-03-22,2015/16,Group B,11.0,India,England,Dharamsala,Himachal Pradesh Cricket Association Stadium,"['VR Vanitha', 'S Mandhana', 'M Raj', 'S Pandey', 'H Kaur', 'V Krishnamurthy', 'J Goswami', 'AA Patil', 'E Bisht', 'S Verma', 'RS Gayakwad']","['CM Edwards', 'TT Beaumont', 'SJ Taylor', 'HC Knight', 'NR Sciver', 'LS Greenway', 'DN Wyatt', 'KH Brunt', 'JL Gunn', 'A Shrubsole', 'RL Grundy']",England,field,REJ Martinesz,JS Wilson,SD Fry,VK Sharma,JJ Crowe,England,India,,2.0,,,HC Knight
2016-03-23,2015/16,Group A,12.0,Ireland,South Africa,Chennai,"MA Chidambaram Stadium, Chepauk","['CMA Shillington', 'CNIM Joyce', 'CC Dalton', 'IMHC Joyce', 'L Delany', 'RA Lewis', 'KJ Garth', 'MV Waldron', 'AJ Kenealy', ""LK O'Reilly"", 'CJ Metcalfe']","['D van Niekerk', 'T Chetty', 'M du Preez', 'M Kapp', 'L Lee', 'D Devnarain', 'CL Tryon', 'S Ismail', 'M Daniels', 'S Luus', 'MM Letsoalo']",South Africa,bat,K Cross,CK Nandan,,AK Chaudhary,J Srinath,South Africa,Ireland,67.0,,,,S Luus
2016-03-24,2015/16,Group A,13.0,Australia,Sri Lanka,Delhi,Feroz Shah Kotla,"['AJ Healy', 'EJ Villani', 'MM Lanning', 'EA Perry', 'AJ Blackwell', 'JL Jonassen', 'BL Mooney', 'EA Osborne', 'ML Schutt', 'RM Farrell', 'KM Beams']","['BYA Mendis', 'AC Jayangani', 'MADD Surangika', 'MAA Sanjeewani', 'OU Ranasinghe', 'LE Kaushalya', 'PM Weerakkody', 'MDN Hansika', 'KDU Prabodhani', 'I Ranaweera', 'BMSM Kumari']",Sri Lanka,bat,CB Gaffaney,MA Gough,C Shamshuddin,RSA Palliyaguruge,AJ Pycroft,Australia,Sri Lanka,,9.0,,,EJ Villani
2016-03-24,2015/16,Group B,14.0,England,West Indies,Dharamsala,Himachal Pradesh Cricket Association Stadium,"['CM Edwards', 'TT Beaumont', 'SJ Taylor', 'HC Knight', 'NR Sciver', 'LS Greenway', 'DN Wyatt', 'KH Brunt', 'JL Gunn', 'A Shrubsole', 'RL Grundy']","['HK Matthews', 'SR Taylor', 'SL Quintyne', 'DJS Dottin', 'B Cooper', 'SACA King', 'MR Aguilleira', 'SA Campbelle', 'A Mohammed', 'ASS Fletcher', 'SS Connell']",West Indies,bat,VA Kulkarni,CA Polosak,,VK Sharma,JJ Crowe,England,West Indies,,1.0,,,TT Beaumont
2016-03-24,2015/16,Group B,15.0,Bangladesh,Pakistan,Delhi,Feroz Shah Kotla,"['Sanjida Islam', 'Sharmin Akhter', 'Salma Khatun', 'Fargana Hoque', 'Nigar Sultana', 'Rumana Ahmed', 'Fahima Khatun', 'Jahanara Alam', 'Lata Mondal', 'Panna Ghosh', 'Khadija Tul Kubra']","['Nahida Khan', 'Sidra Ameen', 'Bismah Maroof', 'Muneeba Ali', 'Iram Javed', 'Asmavia Iqbal', 'Sana Mir', 'Nida Dar', 'Sidra Nawaz', 'Anam Amin', 'Aliya Riaz']",Bangladesh,bat,RSA Palliyaguruge,C Shamshuddin,PR Reiffel,MA Gough,AJ Pycroft,Pakistan,Bangladesh,,9.0,,,Sidra Ameen
2016-03-26,2015/16,Group A,16.0,Australia,Ireland,Delhi,Feroz Shah Kotla,"['AJ Healy', 'EJ Villani', 'MM Lanning', 'EA Perry', 'AJ Blackwell', 'JL Jonassen', 'BL Mooney', 'ML Schutt', 'RM Farrell', 'L Cheatle', 'KM Beams']","['CMA Shillington', 'CNIM Joyce', 'KJ Garth', 'IMHC Joyce', 'L Delany', 'SM Kavanagh', 'RA Lewis', 'MV Waldron', 'AJ Kenealy', ""LK O'Reilly"", 'CJ Metcalfe']",Australia,field,CB Gaffaney,S Ravi,C Shamshuddin,RJ Tucker,JJ Crowe,Australia,Ireland,,7.0,,,ML Schutt
2016-03-26,2015/16,Group A,17.0,New Zealand,South Africa,Bangalore,M Chinnaswamy Stadium,"['SW Bates', 'RH Priest', 'SFM Devine', 'SJ McGlashan', 'KJ Martin', 'AE Satterthwaite', 'KT Perkins', 'LM Kasperek', 'EM Bermingham', 'LMM Tahuhu', 'MJG Nielsen']","['D van Niekerk', 'T Chetty', 'M du Preez', 'M Kapp', 'D Devnarain', 'L Lee', 'CL Tryon', 'S Luus', 'S Ismail', 'M Klaas', 'M Daniels']",New Zealand,field,SD Fry,REJ Martinesz,,JS Wilson,DC Boon,New Zealand,South Africa,,7.0,,,SFM Devine
2016-03-27,2015/16,Group B,18.0,India,West Indies,Chandigarh,"Punjab Cricket Association IS Bindra Stadium, Mohali","['M Raj', 'S Mandhana', 'V Krishnamurthy', 'H Kaur', 'AA Patil', 'J Goswami', 'S Pandey', 'E Bisht', 'S Verma', 'Poonam Yadav', 'RS Gayakwad']","['HK Matthews', 'SR Taylor', 'Kyshona A Knight', 'SL Quintyne', 'DJS Dottin', 'SACA King', 'SA Campbelle', 'MR Aguilleira', 'SS Connell', 'ASS Fletcher', 'A Mohammed']",India,field,RK Illingworth,NJ Llong,HDPK Dharmasena,M Erasmus,RS Madugalle,West Indies,India,3.0,,,,DJS Dottin
2016-03-27,2015/16,Group B,19.0,England,Pakistan,Chennai,"MA Chidambaram Stadium, Chepauk","['CM Edwards', 'TT Beaumont', 'SJ Taylor', 'NR Sciver', 'DN Wyatt', 'GA Elwiss', 'LA Marsh', 'LS Greenway', 'A Shrubsole', 'KH Brunt', 'JL Gunn']","['Nahida Khan', 'Sidra Ameen', 'Bismah Maroof', 'Muneeba Ali', 'Nida Dar', 'Nain Abidi', 'Sana Mir', 'Asmavia Iqbal', 'Sidra Nawaz', 'Sadia Yousuf', 'Anam Amin']",England,bat,AK Chaudhary,K Cross,,CK Nandan,J Srinath,England,Pakistan,68.0,,,,CM Edwards
2016-03-28,2015/16,Group A,20.0,South Africa,Sri Lanka,Bangalore,M Chinnaswamy Stadium,"['D van Niekerk', 'T Chetty', 'M du Preez', 'M Kapp', 'D Devnarain', 'L Lee', 'CL Tryon', 'S Luus', 'S Ismail', 'Y Fourie', 'MM Letsoalo']","['BYA Mendis', 'AC Jayangani', 'MADD Surangika', 'MAA Sanjeewani', 'PM Weerakkody', 'LE Kaushalya', 'KADA Kanchana', 'MDN Hansika', 'KDU Prabodhani', 'I Ranaweera', 'BMSM Kumari']",Sri Lanka,bat,SD Fry,JS Wilson,VA Kulkarni,CA Polosak,DC Boon,Sri Lanka,South Africa,10.0,,,,AC Jayangani
2016-03-30,2015/16,Semi Final,,Australia,England,Delhi,Feroz Shah Kotla,"['AJ Healy', 'EJ Villani', 'MM Lanning', 'EA Perry', 'AJ Blackwell', 'JL Jonassen', 'BL Mooney', 'EA Osborne', 'ML Schutt', 'RM Farrell', 'KM Beams']","['CM Edwards', 'TT Beaumont', 'SJ Taylor', 'NR Sciver', 'HC Knight', 'DN Wyatt', 'KH Brunt', 'JL Gunn', 'LS Greenway', 'LA Marsh', 'A Shrubsole']",England,field,CB Gaffaney,S Ravi,JS Wilson,REJ Martinesz,JJ Crowe,Australia,England,5.0,,,,MM Lanning
2016-03-31,2015/16,Semi Final,,New Zealand,West Indies,Mumbai,Wankhede Stadium,"['SW Bates', 'RH Priest', 'SFM Devine', 'SJ McGlashan', 'AE Satterthwaite', 'KJ Martin', 'KT Perkins', 'LM Kasperek', 'EM Bermingham', 'LMM Tahuhu', 'MJG Nielsen']","['HK Matthews', 'SR Taylor', 'B Cooper', 'DJS Dottin', 'SACA King', 'MR Aguilleira', 'SA Campbelle', 'SL Quintyne', 'A Mohammed', 'ASS Fletcher', 'SS Connell']",New Zealand,field,RK Illingworth,NJ Llong,PR Reiffel,SD Fry,J Srinath,West Indies,New Zealand,6.0,,,,B Cooper
2016-04-03,2015/16,Final,,Australia,West Indies,Kolkata,Eden Gardens,"['AJ Healy', 'EJ Villani', 'MM Lanning', 'EA Perry', 'AJ Blackwell', 'EA Osborne', 'JL Jonassen', 'BL Mooney', 'ML Schutt', 'RM Farrell', 'KM Beams']","['HK Matthews', 'SR Taylor', 'DJS Dottin', 'B Cooper', 'SACA King', 'MR Aguilleira', 'SA Campbelle', 'SL Quintyne', 'A Mohammed', 'ASS Fletcher', 'SS Connell']",Australia,bat,Aleem Dar,RK Illingworth,NJ Llong,S Ravi,AJ Pycroft,West Indies,Australia,,8.0,,,HK Matthews
2018-11-09,2018/19,Group B,1.0,India,New Zealand,Guyana,Providence Stadium,"['T Bhatia', 'S Mandhana', 'JI Rodrigues', 'D Hemalatha', 'H Kaur', 'V Krishnamurthy', 'RP Yadav', 'M Raj', 'DB Sharma', 'A Reddy', 'Poonam Yadav']","['SW Bates', 'AM Peterson', 'SFM Devine', 'JM Watkin', 'AE Satterthwaite', 'KJ Martin', 'ML Green', 'LM Kasperek', 'HNK Jensen', 'AC Kerr', 'LMM Tahuhu']",India,bat,CA Polosak,GO Brathwaite,S George,S Redfern,RB Richardson,India,New Zealand,34.0,,,,H Kaur
2018-11-09,2018/19,Group B,2.0,Australia,Pakistan,Guyana,Providence Stadium,"['AJ Healy', 'BL Mooney', 'MM Lanning', 'A Gardner', 'EJ Villani', 'RL Haynes', 'EA Perry', 'S Molineux', 'DM Kimmince', 'G Wareham', 'ML Schutt']","['Ayesha Zafar', 'Nahida Khan', 'Umaima Sohail', 'Bismah Maroof', 'Javeria Khan', 'Nida Dar', 'Aliya Riaz', 'Sana Mir', 'Sidra Nawaz', 'Nashra Sandhu', 'Anam Amin']",Australia,bat,JM Williams,S George,WR Knights,GO Brathwaite,RB Richardson,Australia,Pakistan,52.0,,,,AJ Healy
2018-11-09,2018/19,Group A,3.0,West Indies,Bangladesh,Guyana,Providence Stadium,"['HK Matthews', 'DJS Dottin', 'SR Taylor', 'SA Campbelle', 'NY McLean', 'B Cooper', 'Kycia A Knight', 'A Mohammed', 'ASS Fletcher', 'SC Selman', 'SS Connell']","['Shamima Sultana', 'Ayasha Rahman', 'Jahanara Alam', 'Fargana Hoque', 'Nigar Sultana', 'Rumana Ahmed', 'Sanjida Islam', 'Lata Mondal', 'Fahima Khatun', 'Salma Khatun', 'Khadija Tul Kubra']",Bangladesh,field,S Redfern,L Rusere,S George,WR Knights,RB Richardson,West Indies,Bangladesh,60.0,,,,DJS Dottin
2018-11-11,2018/19,Group B,5.0,Pakistan,India,Guyana,Providence Stadium,"['Ayesha Zafar', 'Javeria Khan', 'Umaima Sohail', 'Bismah Maroof', 'Nida Dar', 'Aliya Riaz', 'Nahida Khan', 'Sana Mir', 'Sidra Nawaz', 'Anam Amin', 'Diana Baig']","['M Raj', 'S Mandhana', 'JI Rodrigues', 'H Kaur', 'V Krishnamurthy', 'T Bhatia', 'D Hemalatha', 'RP Yadav', 'DB Sharma', 'A Reddy', 'Poonam Yadav']",India,field,S Redfern,GO Brathwaite,CA Polosak,WR Knights,RB Richardson,India,Pakistan,,7.0,,,M Raj
2018-11-11,2018/19,Group B,6.0,Ireland,Australia,Guyana,Providence Stadium,"['CMA Shillington', 'CNIM Joyce', 'GH Lewis', 'EAJ Richardson', 'IMHC Joyce', 'L Delany', 'KJ Garth', 'SM Kavanagh', 'MV Waldron', ""LK O'Reilly"", 'CJ Metcalfe']","['AJ Healy', 'BL Mooney', 'EA Perry', 'MM Lanning', 'A Gardner', 'EJ Villani', 'RL Haynes', 'S Molineux', 'DM Kimmince', 'G Wareham', 'ML Schutt']",Ireland,bat,L Rusere,WR Knights,S George,GO Brathwaite,RB Richardson,Australia,Ireland,,9.0,,,AJ Healy
2018-11-12,2018/19,Group A,7.0,Bangladesh,England,St Lucia,"Daren Sammy National Cricket Stadium, Gros Islet","['Shamima Sultana', 'Ayasha Rahman', 'Fargana Hoque', 'Nigar Sultana', 'Rumana Ahmed', 'Sanjida Islam', 'Lata Mondal', 'Jahanara Alam', 'Fahima Khatun', 'Salma Khatun', 'Khadija Tul Kubra']","['DN Wyatt', 'TT Beaumont', 'AE Jones', 'NR Sciver', 'HC Knight', 'L Winfield', 'A Shrubsole', 'SIR Dunkley', 'S Ecclestone', 'LCN Smith', 'KL Gordon']",England,field,JM Williams,SJ Nogajski,Kim Cotton,Ahsan Raza,GF Labrooy,England,Bangladesh,,7.0,,True,KL Gordon
2018-11-12,2018/19,Group A,8.0,Sri Lanka,South Africa,St Lucia,"Daren Sammy National Cricket Stadium, Gros Islet","['BYA Mendis', 'AC Jayangani', 'GWHM Perera', 'HASD Siriwardene', 'OU Ranasinghe', 'NND de Silva', 'LE Kaushalya', 'MADD Surangika', 'SS Weerakkody', 'KDU Prabodhani', 'BMSM Kumari']","['L Lee', 'L Wolvaardt', 'M Kapp', 'D van Niekerk', 'M du Preez', 'S Luus', 'CL Tryon', 'S Ismail', 'M Klaas', 'TS Sekhukhune', 'M Daniels']",South Africa,field,Sharfuddoula,NN Menon,SJ Nogajski,JM Williams,GF Labrooy,South Africa,Sri Lanka,,7.0,,,S Ismail
2018-11-13,2018/19,Group B,9.0,Pakistan,Ireland,Guyana,Providence Stadium,"['Nahida Khan', 'Ayesha Zafar', 'Javeria Khan', 'Umaima Sohail', 'Nida Dar', 'Aliya Riaz', 'Bismah Maroof', 'Sana Mir', 'Sidra Nawaz', 'Aiman Anwer', 'Nashra Sandhu']","['CMA Shillington', 'GH Lewis', 'IMHC Joyce', 'EAJ Richardson', 'KJ Garth', 'L Delany', 'SM Kavanagh', 'MV Waldron', ""LK O'Reilly"", 'C Raack', 'CJ Metcalfe']",Pakistan,bat,CA Polosak,GO Brathwaite,WR Knights,L Rusere,RB Richardson,Pakistan,Ireland,38.0,,,,Javeria Khan
2018-11-13,2018/19,Group B,10.0,Australia,New Zealand,Guyana,Providence Stadium,"['BL Mooney', 'AJ Healy', 'MM Lanning', 'A Gardner', 'EJ Villani', 'RL Haynes', 'EA Perry', 'S Molineux', 'DM Kimmince', 'G Wareham', 'ML Schutt']","['SW Bates', 'AM Peterson', 'SFM Devine', 'AE Satterthwaite', 'KJ Martin', 'ML Green', 'B Bezuidenhout', 'LM Kasperek', 'HM Rowe', 'AC Kerr', 'LMM Tahuhu']",Australia,bat,L Rusere,S George,GO Brathwaite,S Redfern,RB Richardson,Australia,New Zealand,33.0,,,,AJ Healy
2018-11-14,2018/19,Group A,11.0,Sri Lanka,Bangladesh,St Lucia,"Daren Sammy National Cricket Stadium, Gros Islet","['BYA Mendis', 'GWHM Perera', 'MADD Surangika', 'AC Jayangani', 'HASD Siriwardene', 'LE Kaushalya', 'NND de Silva', 'SS Weerakkody', 'OU Ranasinghe', 'KDU Prabodhani', 'SIP Fernando']","['Sanjida Islam', 'Ayasha Rahman', 'Fargana Hoque', 'Nigar Sultana', 'Rumana Ahmed', 'Shamima Sultana', 'Jahanara Alam', 'Salma Khatun', 'Fahima Khatun', 'Ritu Moni', 'Khadija Tul Kubra']",Bangladesh,field,JM Williams,Nitin Menon,SJ Nogajski,Kim Cotton,GF Labrooy,Sri Lanka,Bangladesh,25.0,,,,HASD Siriwardene
2018-11-14,2018/19,Group A,12.0,West Indies,South Africa,St Lucia,"Daren Sammy National Cricket Stadium, Gros Islet","['HK Matthews', 'DJS Dottin', 'SR Taylor', 'SA Campbelle', 'Kycia A Knight', 'NY McLean', 'B Cooper', 'CA Henry', 'ASS Fletcher', 'SC Selman', 'SS Connell']","['L Lee', 'L Wolvaardt', 'M Kapp', 'D van Niekerk', 'S Luus', 'M du Preez', 'CL Tryon', 'S Ismail', 'M Klaas', 'M Daniels', 'TS Sekhukhune']",South Africa,field,Sharfuddoula,Ahsan Raza,Nitin Menon,SJ Nogajski,GF Labrooy,West Indies,South Africa,31.0,,,,SR Taylor
2018-11-15,2018/19,Group B,13.0,India,Ireland,Guyana,Providence Stadium,"['M Raj', 'S Mandhana', 'JI Rodrigues', 'H Kaur', 'V Krishnamurthy', 'D Hemalatha', 'DB Sharma', 'RP Yadav', 'T Bhatia', 'M Joshi', 'Poonam Yadav']","['CMA Shillington', 'GH Lewis', 'IMHC Joyce', 'L Delany', 'SM Kavanagh', 'KJ Garth', 'EAJ Richardson', 'MV Waldron', 'L Maritz', 'C Raack', ""LK O'Reilly""]",Ireland,field,L Rusere,WR Knights,S Redfern,CA Polosak,RB Richardson,India,Ireland,52.0,,,,M Raj
2018-11-15,2018/19,Group B,14.0,New Zealand,Pakistan,Guyana,Providence Stadium,"['SFM Devine', 'SW Bates', 'AE Satterthwaite', 'KJ Martin', 'LM Kasperek', 'ML Green', 'JM Watkin', 'B Bezuidenhout', 'HM Rowe', 'AC Kerr', 'LMM Tahuhu']","['Ayesha Zafar', 'Javeria Khan', 'Umaima Sohail', 'Bismah Maroof', 'Nida Dar', 'Muneeba Ali', 'Aliya Riaz', 'Sana Mir', 'Aiman Anwer', 'Sidra Nawaz', 'Nashra Sandhu']",Pakistan,field,CA Polosak,S George,GO Brathwaite,L Rusere,RB Richardson,New Zealand,Pakistan,54.0,,,,JM Watkin
2018-11-16,2018/19,Group A,15.0,South Africa,England,St Lucia,"Daren Sammy National Cricket Stadium, Gros Islet","['L Lee', 'L Wolvaardt', 'M Kapp', 'D van Niekerk', 'M du Preez', 'CL Tryon', 'F Tunnicliffe', 'S Ismail', 'Y Fourie', 'M Klaas', 'M Daniels']","['DN Wyatt', 'TT Beaumont', 'NR Sciver', 'HC Knight', 'AE Jones', 'L Winfield', 'A Shrubsole', 'SIR Dunkley', 'S Ecclestone', 'LCN Smith', 'KL Gordon']",South Africa,bat,Ahsan Raza,Kim Cotton,JM Williams,Sharfuddoula,GF Labrooy,England,South Africa,,7.0,,,NR Sciver
2018-11-16,2018/19,Group A,16.0,West Indies,Sri Lanka,St Lucia,"Daren Sammy National Cricket Stadium, Gros Islet","['HK Matthews', 'DJS Dottin', 'SR Taylor', 'NY McLean', 'Kycia A Knight', 'B Cooper', 'CA Henry', 'SA Campbelle', 'ASS Fletcher', 'SC Selman', 'SS Connell']","['GWHM Perera', 'AC Jayangani', 'WK Dilhari', 'HASD Siriwardene', 'LE Kaushalya', 'NND de Silva', 'KADA Kanchana', 'MADD Surangika', 'OU Ranasinghe', 'BMSM Kumari', 'KDU Prabodhani']",West Indies,bat,Sharfuddoula,SJ Nogajski,Ahsan Raza,Nitin Menon,GF Labrooy,West Indies,Sri Lanka,83.0,,,,HK Matthews
2018-11-17,2018/19,Group B,17.0,India,Australia,Guyana,Providence Stadium,"['T Bhatia', 'S Mandhana', 'JI Rodrigues', 'H Kaur', 'V Krishnamurthy', 'D Hemalatha', 'DB Sharma', 'A Reddy', 'RP Yadav', 'AA Patil', 'Poonam Yadav']","['BL Mooney', 'EJ Villani', 'A Gardner', 'MM Lanning', 'RL Haynes', 'EA Perry', 'S Molineux', 'DM Kimmince', 'ML Schutt', 'TJ Vlaeminck', 'AJ Healy']",India,bat,GO Brathwaite,WR Knights,S Redfern,S George,RB Richardson,India,Australia,48.0,,,,S Mandhana
2018-11-17,2018/19,Group B,18.0,Ireland,New Zealand,Guyana,Providence Stadium,"['CMA Shillington', 'CNIM Joyce', 'GH Lewis', 'IMHC Joyce', 'L Delany', 'SM Kavanagh', 'EAJ Richardson', 'KJ Garth', 'MV Waldron', 'L Maritz', 'CJ Metcalfe']","['SW Bates', 'SFM Devine', 'AE Satterthwaite', 'KJ Martin', 'ML Green', 'LM Kasperek', 'B Bezuidenhout', 'JM Watkin', 'HM Rowe', 'AC Kerr', 'LMM Tahuhu']",Ireland,bat,S Redfern,S George,L Rusere,CA Polosak,RB Richardson,New Zealand,Ireland,,8.0,,,SFM Devine
2018-11-18,2018/19,Group A,19.0,England,West Indies,St Lucia,"Daren Sammy National Cricket Stadium, Gros Islet","['DN Wyatt', 'TT Beaumont', 'AE Jones', 'NR Sciver', 'HC Knight', 'L Winfield', 'SIR Dunkley', 'A Shrubsole', 'D Hazell', 'S Ecclestone', 'KL Gordon']","['HK Matthews', 'DJS Dottin', 'SR Taylor', 'SA Campbelle', 'NY McLean', 'B Cooper', 'Kycia A Knight', 'CA Henry', 'ASS Fletcher', 'SC Selman', 'SS Connell']",West Indies,field,Nitin Menon,Kim Cotton,Ahsan Raza,Sharfuddoula,GF Labrooy,West Indies,England,,4.0,,,DJS Dottin
2018-11-18,2018/19,Group A,20.0,South Africa,Bangladesh,St Lucia,"Daren Sammy National Cricket Stadium, Gros Islet","['L Lee', 'D van Niekerk', 'M Kapp', 'S Luus', 'M du Preez', 'CL Tryon', 'F Tunnicliffe', 'M Klaas', 'TS Sekhukhune', 'M Daniels', 'Z Mali']","['Sharmin Akhter', 'Ayasha Rahman', 'Fargana Hoque', 'Nigar Sultana', 'Rumana Ahmed', 'Jahanara Alam', 'Salma Khatun', 'Nahida Akter', 'Fahima Khatun', 'Ritu Moni', 'Khadija Tul Kubra']",Bangladesh,field,JM Williams,SJ Nogajski,Nitin Menon,Kim Cotton,GF Labrooy,South Africa,Bangladesh,30.0,,,,M Kapp
2018-11-22,2018/19,Semi Final,,Australia,West Indies,Antigua,"Sir Vivian Richards Stadium, North Sound","['BL Mooney', 'AJ Healy', 'MM Lanning', 'A Gardner', 'EJ Villani', 'RL Haynes', 'EA Perry', 'S Molineux', 'DM Kimmince', 'G Wareham', 'ML Schutt']","['HK Matthews', 'DJS Dottin', 'SR Taylor', 'SA Campbelle', 'NY McLean', 'Kycia A Knight', 'B Cooper', 'CA Henry', 'ASS Fletcher', 'SS Connell', 'SC Selman']",West Indies,field,L Rusere,Nitin Menon,Ahsan Raza,S Redfern,GF Labrooy,Australia,West Indies,71.0,,,,AJ Healy
2018-11-22,2018/19,Semi Final,,India,England,Antigua,"Sir Vivian Richards Stadium, North Sound","['T Bhatia', 'S Mandhana', 'JI Rodrigues', 'H Kaur', 'V Krishnamurthy', 'DB Sharma', 'D Hemalatha', 'AA Patil', 'RP Yadav', 'A Reddy', 'Poonam Yadav']","['DN Wyatt', 'TT Beaumont', 'AE Jones', 'NR Sciver', 'HC Knight', 'L Winfield', 'A Shrubsole', 'SIR Dunkley', 'S Ecclestone', 'D Hazell', 'KL Gordon']",India,bat,CA Polosak,S George,GO Brathwaite,JM Williams,RB Richardson,England,India,,8.0,,,AE Jones
2018-11-24,2018/19,Final,,England,Australia,Antigua,"Sir Vivian Richards Stadium, North Sound","['DN Wyatt', 'TT Beaumont', 'AE Jones', 'NR Sciver', 'HC Knight', 'L Winfield', 'SIR Dunkley', 'A Shrubsole', 'D Hazell', 'S Ecclestone', 'KL Gordon']","['AJ Healy', 'BL Mooney', 'A Gardner', 'MM Lanning', 'EJ Villani', 'RL Haynes', 'EA Perry', 'S Molineux', 'DM Kimmince', 'G Wareham', 'ML Schutt']",England,bat,L Rusere,S George,GO Brathwaite,Nitin Menon,RB Richardson,Australia,England,,8.0,,,A Gardner
2020-02-21,2019/20,Group A,1.0,Australia,India,Sydney,Sydney Showground Stadium,"['AJ Healy', 'BL Mooney', 'MM Lanning', 'RL Haynes', 'A Gardner', 'EA Perry', 'JL Jonassen', 'A Sutherland', 'DM Kimmince', 'M Strano', 'ML Schutt']","['Shafali Verma', 'S Mandhana', 'JI Rodrigues', 'H Kaur', 'DB Sharma', 'V Krishnamurthy', 'S Pandey', 'T Bhatia', 'A Reddy', 'Poonam Yadav', 'RS Gayakwad']",Australia,field,JM Williams,S George,GO Brathwaite,Kim Cotton,BC Broad,India,Australia,17.0,,,,Poonam Yadav
2020-02-22,2019/20,Group B,2.0,Thailand,West Indies,Perth,W.A.C.A. Ground,"['N Chantam', 'N Boochatham', 'N Koncharoenkai', 'N Chaiwai', 'C Sutthiruang', 'S Tippoch', 'O Kamchomphu', 'W Liengprasert', 'R Padunglerd', 'S Laomi', 'S Lateh']","['HK Matthews', 'LAGL Kirby', 'SR Taylor', 'DJS Dottin', 'SA Campbelle', 'CN Nation', 'CA Henry', 'AA Alleyne', 'A Mohammed', 'ASS Fletcher', 'SS Connell']",Thailand,bat,CA Polosak,Nitin Menon,AG Wharf,Lauren Agenbag,GS Lakshmi,West Indies,Thailand,,7.0,,,SR Taylor
2020-02-22,2019/20,Group A,3.0,New Zealand,Sri Lanka,Perth,W.A.C.A. Ground,"['SFM Devine', 'RH Priest', 'SW Bates', 'ML Green', 'KJ Martin', 'KT Perkins', 'AC Kerr', 'HNK Jensen', 'LM Kasperek', 'LMM Tahuhu', 'JM Kerr']","['GWHM Perera', 'AC Jayangani', 'MAA Sanjeewani', 'H Madavi', 'HASD Siriwardene', 'NND de Silva', 'KADA Kanchana', 'WK Dilhari', 'WGAKK Kulasuriya', 'BMSM Kumari', 'KDU Prabodhani']",New Zealand,field,S Redfern,Ahsan Raza,CA Polosak,Nitin Menon,GS Lakshmi,New Zealand,Sri Lanka,,7.0,,,HNK Jensen
2020-02-23,2019/20,Group B,4.0,England,South Africa,Perth,W.A.C.A. Ground,"['AE Jones', 'DN Wyatt', 'NR Sciver', 'HC Knight', 'FC Wilson', 'KH Brunt', 'TT Beaumont', 'L Winfield', 'S Ecclestone', 'A Shrubsole', 'S Glenn']","['L Lee', 'D van Niekerk', 'M Kapp', 'CL Tryon', 'M du Preez', 'S Luus', 'L Wolvaardt', 'T Chetty', 'S Ismail', 'A Khaka', 'N Mlaba']",South Africa,field,CM Brown,L Rusere,Ahsan Raza,Kim Cotton,GS Lakshmi,South Africa,England,,6.0,,,D van Niekerk
2020-02-24,2019/20,Group A,5.0,Australia,Sri Lanka,Perth,W.A.C.A. Ground,"['AJ Healy', 'BL Mooney', 'A Gardner', 'MM Lanning', 'RL Haynes', 'NJ Carey', 'EA Perry', 'JL Jonassen', 'DM Kimmince', 'M Strano', 'ML Schutt']","['GWHM Perera', 'AC Jayangani', 'U Thimashini', 'MAA Sanjeewani', 'NND de Silva', 'KADA Kanchana', 'HASD Siriwardene', 'H Madavi', 'WK Dilhari', 'BMSM Kumari', 'KDU Prabodhani']",Sri Lanka,bat,GO Brathwaite,Kim Cotton,L Rusere,S Redfern,BC Broad,Australia,Sri Lanka,,5.0,,,RL Haynes
2020-02-24,2019/20,Group A,6.0,Bangladesh,India,Perth,W.A.C.A. Ground,"['Shamima Sultana', 'Murshida Khatun', 'Sanjida Islam', 'Nigar Sultana', 'Fargana Hoque', 'Fahima Khatun', 'Jahanara Alam', 'Rumana Ahmed', 'Salma Khatun', 'Nahida Akter', 'Panna Ghosh']","['T Bhatia', 'Shafali Verma', 'JI Rodrigues', 'H Kaur', 'DB Sharma', 'RM Ghosh', 'V Krishnamurthy', 'S Pandey', 'A Reddy', 'Poonam Yadav', 'RS Gayakwad']",Bangladesh,field,Lauren Agenbag,AG Wharf,S Redfern,GO Brathwaite,BC Broad,India,Bangladesh,18.0,,,,Shafali Verma
2020-02-26,2019/20,Group B,7.0,England,Thailand,Canberra,Manuka Oval,"['AE Jones', 'DN Wyatt', 'NR Sciver', 'HC Knight', 'FC Wilson', 'KH Brunt', 'TT Beaumont', 'L Winfield', 'S Ecclestone', 'A Shrubsole', 'S Glenn']","['N Chantam', 'N Boochatham', 'N Koncharoenkai', 'N Chaiwai', 'C Sutthiruang', 'S Tippoch', 'W Liengprasert', 'O Kamchomphu', 'R Padunglerd', 'S Laomi', 'S Lateh']",Thailand,field,JM Williams,Ahsan Raza,CM Brown,S George,SR Bernard,England,Thailand,98.0,,,,HC Knight
2020-02-26,2019/20,Group B,8.0,Pakistan,West Indies,Canberra,Manuka Oval,"['Muneeba Ali', 'Javeria Khan', 'Bismah Maroof', 'Nida Dar', 'Umaima Sohail', 'Iram Javed', 'Aliya Riaz', 'Sidra Nawaz', 'Aiman Anwer', 'Diana Baig', 'Anam Amin']","['HK Matthews', 'LAGL Kirby', 'SR Taylor', 'DJS Dottin', 'SA Campbelle', 'CA Henry', 'CN Nation', 'ASS Fletcher', 'SS Connell', 'A Mohammed', 'SC Selman']",West Indies,bat,CA Polosak,S George,,CM Brown,SR Bernard,Pakistan,West Indies,,8.0,,,Javeria Khan
2020-02-27,2019/20,Group A,9.0,India,New Zealand,Melbourne,Junction Oval,"['Shafali Verma', 'S Mandhana', 'T Bhatia', 'JI Rodrigues', 'H Kaur', 'DB Sharma', 'V Krishnamurthy', 'S Pandey', 'RP Yadav', 'Poonam Yadav', 'RS Gayakwad']","['RH Priest', 'SFM Devine', 'SW Bates', 'ML Green', 'KJ Martin', 'AC Kerr', 'HNK Jensen', 'AM Peterson', 'LM Kasperek', 'LMM Tahuhu', 'RA Mair']",New Zealand,field,L Rusere,AG Wharf,S Redfern,Lauren Agenbag,BC Broad,India,New Zealand,3.0,,,,Shafali Verma
2020-02-27,2019/20,Group A,10.0,Australia,Bangladesh,Canberra,Manuka Oval,"['AJ Healy', 'BL Mooney', 'A Gardner', 'MM Lanning', 'EA Perry', 'RL Haynes', 'A Sutherland', 'NJ Carey', 'G Wareham', 'JL Jonassen', 'ML Schutt']","['Shamima Sultana', 'Murshida Khatun', 'Sanjida Islam', 'Nigar Sultana', 'Fargana Hoque', 'Rumana Ahmed', 'Fahima Khatun', 'Jahanara Alam', 'Salma Khatun', 'Khadija Tul Kubra', 'Nahida Akter']",Australia,bat,Nitin Menon,GO Brathwaite,S George,Ahsan Raza,GS Lakshmi,Australia,Bangladesh,86.0,,,,AJ Healy
2020-02-28,2019/20,Group B,11.0,South Africa,Thailand,Canberra,Manuka Oval,"['L Lee', 'D van Niekerk', 'S Luus', 'CL Tryon', 'M du Preez', 'L Wolvaardt', 'N de Klerk', 'T Chetty', 'S Ismail', 'A Khaka', 'N Mlaba']","['N Chantam', 'N Boochatham', 'N Koncharoenkai', 'N Chaiwai', 'S Tippoch', 'O Kamchomphu', 'C Sutthiruang', 'W Liengprasert', 'S Laomi', 'R Padunglerd', 'S Lateh']",South Africa,bat,JM Williams,Kim Cotton,GO Brathwaite,CA Polosak,SR Bernard,South Africa,Thailand,113.0,,,,L Lee
2020-02-28,2019/20,Group B,12.0,England,Pakistan,Canberra,Manuka Oval,"['DN Wyatt', 'AE Jones', 'NR Sciver', 'HC Knight', 'FC Wilson', 'TT Beaumont', 'KH Brunt', 'L Winfield', 'S Ecclestone', 'A Shrubsole', 'S Glenn']","['Muneeba Ali', 'Javeria Khan', 'Bismah Maroof', 'Nida Dar', 'Iram Javed', 'Umaima Sohail', 'Aliya Riaz', 'Sidra Nawaz', 'Aiman Anwer', 'Diana Baig', 'Sadia Iqbal']",Pakistan,field,CM Brown,Nitin Menon,JM Williams,Kim Cotton,SR Bernard,England,Pakistan,42.0,,,,HC Knight
2020-02-29,2019/20,Group A,13.0,Bangladesh,New Zealand,Melbourne,Junction Oval,"['Murshida Khatun', 'Ayasha Rahman', 'Ritu Moni', 'Nigar Sultana', 'Fargana Hoque', 'Rumana Ahmed', 'Fahima Khatun', 'S Mostary', 'Jahanara Alam', 'Salma Khatun', 'Panna Ghosh']","['SFM Devine', 'RH Priest', 'SW Bates', 'ML Green', 'HNK Jensen', 'KJ Martin', 'AC Kerr', 'AM Peterson', 'LM Kasperek', 'LMM Tahuhu', 'RA Mair']",New Zealand,bat,Lauren Agenbag,Ahsan Raza,L Rusere,AG Wharf,BC Broad,New Zealand,Bangladesh,17.0,,,,HNK Jensen
2020-02-29,2019/20,Group A,14.0,India,Sri Lanka,Melbourne,Junction Oval,"['Shafali Verma', 'S Mandhana', 'H Kaur', 'JI Rodrigues', 'DB Sharma', 'T Bhatia', 'V Krishnamurthy', 'S Pandey', 'RP Yadav', 'Poonam Yadav', 'RS Gayakwad']","['U Thimashini', 'AC Jayangani', 'H Madavi', 'H Karunaratne', 'GWHM Perera', 'HASD Siriwardene', 'NND de Silva', 'MAA Sanjeewani', 'WK Dilhari', 'S Sandeepani', 'KDU Prabodhani']",Sri Lanka,bat,S Redfern,S George,Lauren Agenbag,L Rusere,BC Broad,India,Sri Lanka,,7.0,,,RP Yadav
2020-03-01,2019/20,Group B,15.0,Pakistan,South Africa,Sydney,Sydney Showground Stadium,"['Muneeba Ali', 'Javeria Khan', 'Umaima Sohail', 'Nida Dar', 'Aliya Riaz', 'Sidra Nawaz', 'Iram Javed', 'Aiman Anwer', 'Diana Baig', 'Syeda Aroob Shah', 'Anam Amin']","['L Lee', 'D van Niekerk', 'M Kapp', 'M du Preez', 'L Wolvaardt', 'S Luus', 'CL Tryon', 'T Chetty', 'S Ismail', 'A Khaka', 'N Mlaba']",South Africa,bat,GO Brathwaite,Kim Cotton,Nitin Menon,JM Williams,GS Lakshmi,South Africa,Pakistan,17.0,,,,L Wolvaardt
2020-03-01,2019/20,Group B,16.0,England,West Indies,Sydney,Sydney Showground Stadium,"['DN Wyatt', 'TT Beaumont', 'NR Sciver', 'HC Knight', 'FC Wilson', 'AE Jones', 'KH Brunt', 'A Shrubsole', 'MK Villiers', 'S Ecclestone', 'S Glenn']","['HK Matthews', 'DJS Dottin', 'SR Taylor', 'SA Campbelle', 'CN Nation', 'B Cooper', 'LAGL Kirby', 'AA Alleyne', 'ASS Fletcher', 'A Mohammed', 'SC Selman']",England,bat,CM Brown,CA Polosak,Kim Cotton,Nitin Menon,SR Bernard,England,West Indies,46.0,,,,NR Sciver
2020-03-02,2019/20,Group A,17.0,Bangladesh,Sri Lanka,Melbourne,Junction Oval,"['Murshida Khatun', 'Ayasha Rahman', 'Sanjida Islam', 'Nigar Sultana', 'Fargana Hoque', 'Rumana Ahmed', 'Ritu Moni', 'Fahima Khatun', 'Salma Khatun', 'Panna Ghosh', 'Nahida Akter']","['GWHM Perera', 'AC Jayangani', 'MAA Sanjeewani', 'U Thimashini', 'HASD Siriwardene', 'NND de Silva', 'H Madavi', 'WK Dilhari', 'BMSM Kumari', 'WGAKK Kulasuriya', 'KDU Prabodhani']",Bangladesh,bat,S Redfern,AG Wharf,Ahsan Raza,S George,BC Broad,Sri Lanka,Bangladesh,,9.0,,,HASD Siriwardene
2020-03-02,2019/20,Group A,18.0,Australia,New Zealand,Melbourne,Junction Oval,"['AJ Healy', 'BL Mooney', 'MM Lanning', 'A Gardner', 'EA Perry', 'RL Haynes', 'NJ Carey', 'A Sutherland', 'G Wareham', 'JL Jonassen', 'ML Schutt']","['RH Priest', 'SFM Devine', 'SW Bates', 'ML Green', 'KJ Martin', 'AC Kerr', 'HNK Jensen', 'AM Peterson', 'LM Kasperek', 'LMM Tahuhu', 'RA Mair']",New Zealand,field,L Agenburg,L Rusere,AG Wharf,S Redfern,BC Broad,Australia,New Zealand,4.0,,,,G Wareham
2020-03-03,2019/20,Group B,19.0,Pakistan,Thailand,Sydney,Sydney Showground Stadium,"['Muneeba Ali', 'Javeria Khan', 'Ayesha Naseem', 'Umaima Sohail', 'Aliya Riaz', 'Nida Dar', 'Iram Javed', 'Sidra Nawaz', 'Diana Baig', 'Syeda Aroob Shah', 'Anam Amin']","['N Chantam', 'N Boochatham', 'C Sutthiruang', 'N Koncharoenkai', 'O Kamchomphu', 'N Chaiwai', 'S Tippoch', 'W Liengprasert', 'R Padunglerd', 'S Laomi', 'S Lateh']",Thailand,bat,CM Brown,CA Polosak,JM Williams,GO Brathwaite,SR Bernard,,Pakistan,,,False,,
2020-03-05,2019/20,Semi Final,,Australia,South Africa,Sydney,Sydney Cricket Ground,"['AJ Healy', 'BL Mooney', 'MM Lanning', 'JL Jonassen', 'A Gardner', 'RL Haynes', 'NJ Carey', 'S Molineux', 'DM Kimmince', 'G Wareham', 'ML Schutt']","['L Lee', 'D van Niekerk', 'S Luus', 'M du Preez', 'L Wolvaardt', 'CL Tryon', 'N de Klerk', 'T Chetty', 'S Ismail', 'A Khaka', 'N Mlaba']",South Africa,field,Nitin Menon,Kim Cotton,L Rusere,GO Brathwaite,BC Broad,Australia,South Africa,5.0,,,True,MM Lanning
2020-03-08,2019/20,Final,,Australia,India,Melbourne,Melbourne Cricket Ground,"['AJ Healy', 'BL Mooney', 'MM Lanning', 'A Gardner', 'RL Haynes', 'NJ Carey', 'S Molineux', 'JL Jonassen', 'G Wareham', 'DM Kimmince', 'ML Schutt']","['Shafali Verma', 'S Mandhana', 'T Bhatia', 'JI Rodrigues', 'H Kaur', 'DB Sharma', 'V Krishnamurthy', 'RM Ghosh', 'S Pandey', 'RP Yadav', 'Poonam Yadav', 'RS Gayakwad']",Australia,bat,Ahsan Raza,Kim Cotton,GO Brathwaite,L Rusere,BC Broad,Australia,India,85.0,,,,AJ Healy
2023-02-10,2022/23,Group 1,1.0,Sri Lanka,South Africa,Cape Town,"Newlands, Cape Town","['H Madavi', 'AC Jayangani', 'RMVD Gunaratne', 'MAA Sanjeewani', 'NND de Silva', 'KADA Kanchana', 'WK Dilhari', 'OU Ranasinghe', 'BMSM Kumari', 'I Ranaweera', 'WGAKK Kulasuriya']","['L Wolvaardt', 'T Brits', 'M Kapp', 'S Luus', 'CL Tryon', 'A Bosch', 'N de Klerk', 'S Jafta', 'S Ismail', 'A Khaka', 'N Mlaba']",South Africa,field,AY Harris,Kim Cotton,Eloise Sheridan,S Redfern,GS Lakshmi,Sri Lanka,South Africa,3.0,,,,AC Jayangani
2023-02-11,2022/23,Group 2,2.0,West Indies,England,Paarl,"Boland Park, Paarl","['HK Matthews', 'SR Taylor', 'SA Campbelle', 'S Gajnabi', 'CA Henry', 'CN Nation', 'ASS Fletcher', 'Z James', 'SS Connell', 'RS Williams', 'SC Selman']","['SIR Dunkley', 'DN Wyatt', 'A Capsey', 'NR Sciver-Brunt', 'HC Knight', 'AE Jones', 'KH Sciver-Brunt', 'S Ecclestone', 'CE Dean', 'S Glenn', 'LK Bell']",West Indies,bat,CA Polosak,VG Rathi,Kim Cotton,Lauren Agenbag,SA Fritz,England,West Indies,,7.0,,,NR Sciver-Brunt
2023-02-11,2022/23,Group 1,3.0,Australia,New Zealand,Paarl,"Boland Park, Paarl","['AJ Healy', 'BL Mooney', 'MM Lanning', 'A Gardner', 'EA Perry', 'GM Harris', 'TM McGrath', 'JL Jonassen', 'A King', 'ML Schutt', 'D Brown']","['SW Bates', 'SFM Devine', 'B Bezuidenhout', 'AC Kerr', 'ML Green', 'HM Rowe', 'HNK Jensen', 'LMM Tahuhu', 'JM Kerr', 'EJ Carson', 'FC Jonas']",New Zealand,field,N Perera,S Redfern,JM Williams,AY Harris,JM Pereira,Australia,New Zealand,97.0,,,,A Gardner
2023-02-12,2022/23,Group 2,4.0,Pakistan,India,Cape Town,"Newlands, Cape Town","['Muneeba Ali', 'Javeria Khan', 'Bismah Maroof', 'Nida Dar', 'Sidra Ameen', 'Ayesha Naseem', 'Aliya Riaz', 'Fatima Sana', 'Aiman Anwer', 'Nashra Sandhu', 'Sadia Iqbal']","['YH Bhatia', 'Shafali Verma', 'JI Rodrigues', 'H Kaur', 'RM Ghosh', 'H Deol', 'DB Sharma', 'P Vastrakar', 'RP Yadav', 'RS Gayakwad', 'Renuka Singh']",Pakistan,bat,JM Williams,Lauren Agenbag,AY Harris,CA Polosak,SA Fritz,India,Pakistan,,7.0,,,JI Rodrigues
2023-02-12,2022/23,Group 1,5.0,Bangladesh,Sri Lanka,Cape Town,"Newlands, Cape Town","['Shamima Sultana', 'Murshida Khatun', 'S Mostary', 'Nigar Sultana', 'Lata Mondal', 'Shorna Akter', 'Ritu Moni', 'Salma Khatun', 'Nahida Akter', 'Jahanara Alam', 'Marufa Akter']","['H Madavi', 'AC Jayangani', 'RMVD Gunaratne', 'MAA Sanjeewani', 'NND de Silva', 'WK Dilhari', 'OU Ranasinghe', 'KADA Kanchana', 'BMSM Kumari', 'I Ranaweera', 'WGAKK Kulasuriya']",Bangladesh,bat,AY Harris,S Redfern,JM Williams,Kim Cotton,GS Lakshmi,Sri Lanka,Bangladesh,,7.0,,,H Madavi
2023-02-13,2022/23,Group 2,6.0,Ireland,England,Paarl,"Boland Park, Paarl","['A Hunter', 'GH Lewis', 'O Prendergast', 'L Delany', 'EAJ Richardson', 'L Little', 'MV Waldron', 'L Paul', 'AN Kelly', 'C Murray', 'J Maguire']","['SIR Dunkley', 'DN Wyatt', 'A Capsey', 'NR Sciver-Brunt', 'HC Knight', 'AE Jones', 'KH Sciver-Brunt', 'S Ecclestone', 'CE Dean', 'S Glenn', 'LK Bell']",Ireland,bat,CA Polosak,N Perera,N Janani,VG Rathi,SA Fritz,England,Ireland,,4.0,,,A Capsey
2023-02-13,2022/23,Group 1,7.0,South Africa,New Zealand,Paarl,"Boland Park, Paarl","['L Wolvaardt', 'T Brits', 'M Kapp', 'S Luus', 'CL Tryon', 'D Tucker', 'N de Klerk', 'S Jafta', 'S Ismail', 'A Khaka', 'N Mlaba']","['B Bezuidenhout', 'SW Bates', 'GE Plimmer', 'AC Kerr', 'SFM Devine', 'ML Green', 'HNK Jensen', 'LMM Tahuhu', 'JM Kerr', 'EJ Carson', 'FC Jonas']",South Africa,bat,Eloise Sheridan,N Janani,CA Polosak,N Perera,JM Pereira,South Africa,New Zealand,65.0,,,,CL Tryon
2023-02-14,2022/23,Group 1,8.0,Bangladesh,Australia,Gqeberha,"St George's Park, Gqeberha","['Shamima Sultana', 'Murshida Khatun', 'S Mostary', 'Nigar Sultana', 'Shorna Akter', 'Rumana Ahmed', 'Ritu Moni', 'Nahida Akter', 'Marufa Akter', 'Fahima Khatun', 'Salma Khatun']","['AJ Healy', 'BL Mooney', 'MM Lanning', 'A Gardner', 'EA Perry', 'TM McGrath', 'GM Harris', 'G Wareham', 'A King', 'ML Schutt', 'D Brown']",Bangladesh,bat,JM Williams,Kim Cotton,S Redfern,AY Harris,GS Lakshmi,Australia,Bangladesh,,8.0,,,G Wareham
2023-02-15,2022/23,Group 2,9.0,West Indies,India,Cape Town,"Newlands, Cape Town","['HK Matthews', 'SR Taylor', 'SA Campbelle', 'CA Henry', 'CN Nation', 'S Gajnabi', 'ASS Fletcher', 'RS Williams', 'SS Connell', 'SC Selman', 'K Ramharack']","['Shafali Verma', 'S Mandhana', 'JI Rodrigues', 'H Kaur', 'RM Ghosh', 'DP Vaidya', 'DB Sharma', 'P Vastrakar', 'RP Yadav', 'RS Gayakwad', 'Renuka Singh']",West Indies,bat,Eloise Sheridan,N Perera,CA Polosak,Lauren Agenbag,SA Fritz,India,West Indies,,6.0,,,DB Sharma
2023-02-15,2022/23,Group 2,10.0,Pakistan,Ireland,Cape Town,"Newlands, Cape Town","['Muneeba Ali', 'Javeria Khan', 'Bismah Maroof', 'Nida Dar', 'Ayesha Naseem', 'Aliya Riaz', 'Fatima Sana', 'Aiman Anwer', 'Tuba Hassan', 'Nashra Sandhu', 'Sadia Iqbal']","['A Hunter', 'GH Lewis', 'O Prendergast', 'L Delany', 'EAJ Richardson', 'L Little', 'MV Waldron', 'L Paul', 'AN Kelly', 'C Murray', 'J Maguire']",Ireland,field,CA Polosak,N Janani,Eloise Sheridan,N Perera,JM Pereira,Pakistan,Ireland,70.0,,,,Muneeba Ali
2023-02-16,2022/23,Group 1,11.0,Sri Lanka,Australia,Gqeberha,"St George's Park, Gqeberha","['H Madavi', 'AC Jayangani', 'RMVD Gunaratne', 'OU Ranasinghe', 'MAA Sanjeewani', 'NND de Silva', 'KADA Kanchana', 'M Shehani', 'BMSM Kumari', 'I Ranaweera', 'WGAKK Kulasuriya']","['AJ Healy', 'BL Mooney', 'MM Lanning', 'A Gardner', 'EA Perry', 'TM McGrath', 'GM Harris', 'G Wareham', 'A King', 'ML Schutt', 'D Brown']",Australia,field,AY Harris,JM Williams,Kim Cotton,S Redfern,GS Lakshmi,Australia,Sri Lanka,,10.0,,,AJ Healy
2023-02-17,2022/23,Group 1,12.0,New Zealand,Bangladesh,Cape Town,"Newlands, Cape Town","['B Bezuidenhout', 'SW Bates', 'AC Kerr', 'SFM Devine', 'ML Green', 'GE Plimmer', 'HM Rowe', 'LMM Tahuhu', 'JM Kerr', 'MM Penfold', 'EJ Carson']","['Shamima Sultana', 'Murshida Khatun', 'S Mostary', 'Nigar Sultana', 'Shorna Akter', 'Rumana Ahmed', 'Ritu Moni', 'Nahida Akter', 'Fahima Khatun', 'Salma Khatun', 'Marufa Akter']",New Zealand,bat,Lauren Agenbag,N Janani,VG Rathi,Eloise Sheridan,SA Fritz,New Zealand,Bangladesh,71.0,,,,SW Bates
2023-02-17,2022/23,Group 2,13.0,Ireland,West Indies,Cape Town,"Newlands, Cape Town","['A Hunter', 'GH Lewis', 'O Prendergast', 'EAJ Richardson', 'L Little', 'L Delany', 'AN Kelly', 'MV Waldron', 'L Paul', 'C Murray', 'J Maguire']","['HK Matthews', 'RS Williams', 'SA Campbelle', 'CA Henry', 'S Gajnabi', 'AA Alleyne', 'Z James', 'T Holder', 'ASS Fletcher', 'K Ramharack', 'SS Connell']",Ireland,bat,Eloise Sheridan,VG Rathi,Lauren Agenbag,N Janani,SA Fritz,West Indies,Ireland,,6.0,,,HK Matthews
2023-02-18,2022/23,Group 2,14.0,England,India,Gqeberha,"St George's Park, Gqeberha","['SIR Dunkley', 'DN Wyatt', 'A Capsey', 'NR Sciver-Brunt', 'HC Knight', 'AE Jones', 'S Ecclestone', 'KH Sciver-Brunt', 'S Glenn', 'CE Dean', 'LK Bell']","['S Mandhana', 'Shafali Verma', 'JI Rodrigues', 'H Kaur', 'RM Ghosh', 'DB Sharma', 'P Vastrakar', 'RP Yadav', 'S Pandey', 'RS Gayakwad', 'Renuka Singh']",India,field,JM Williams,Kim Cotton,N Perera,AY Harris,JM Pereira,England,India,11.0,,,,NR Sciver-Brunt
2023-02-18,2022/23,Group 1,15.0,South Africa,Australia,Gqeberha,"St George's Park, Gqeberha","['L Wolvaardt', 'T Brits', 'M Kapp', 'S Luus', 'CL Tryon', 'D Tucker', 'N de Klerk', 'S Jafta', 'S Ismail', 'M Klaas', 'N Mlaba']","['BL Mooney', 'EA Perry', 'MM Lanning', 'A Gardner', 'TM McGrath', 'GM Harris', 'G Wareham', 'A Sutherland', 'A King', 'ML Schutt', 'D Brown']",Australia,field,JM Williams,N Perera,AY Harris,Kim Cotton,JM Pereira,Australia,South Africa,,6.0,,,TM McGrath
2023-02-19,2022/23,Group 2,16.0,West Indies,Pakistan,Paarl,"Boland Park, Paarl","['HK Matthews', 'RS Williams', 'SA Campbelle', 'CA Henry', 'S Gajnabi', 'AA Alleyne', 'ASS Fletcher', 'T Holder', 'Z James', 'SS Connell', 'K Ramharack']","['Muneeba Ali', 'Sidra Ameen', 'Bismah Maroof', 'Nida Dar', 'Aliya Riaz', 'Fatima Sana', 'Umaima Sohail', 'Aiman Anwer', 'Tuba Hassan', 'Nashra Sandhu', 'Sadia Iqbal']",West Indies,bat,Lauren Agenbag,VG Rathi,S Redfern,N James,SA Fritz,West Indies,Pakistan,3.0,,,,HK Matthews
2023-02-19,2022/23,Group 1,17.0,New Zealand,Sri Lanka,Paarl,"Boland Park, Paarl","['B Bezuidenhout', 'SW Bates', 'AC Kerr', 'SFM Devine', 'ML Green', 'GE Plimmer', 'HM Rowe', 'LMM Tahuhu', 'JM Kerr', 'EJ Carson', 'FC Jonas']","['H Madavi', 'AC Jayangani', 'RMVD Gunaratne', 'NND de Silva', 'MAA Sanjeewani', 'WK Dilhari', 'OU Ranasinghe', 'M Shehani', 'BMSM Kumari', 'I Ranaweera', 'WGAKK Kulasuriya']",New Zealand,bat,N Janani,S Redfern,Lauren Agenbag,VG Rathi,GS Lakshmi,New Zealand,Sri Lanka,102.0,,,,AC Kerr
2023-02-20,2022/23,Group 2,18.0,India,Ireland,Gqeberha,"St George's Park, Gqeberha","['Shafali Verma', 'S Mandhana', 'H Kaur', 'RM Ghosh', 'JI Rodrigues', 'DB Sharma', 'P Vastrakar', 'DP Vaidya', 'S Pandey', 'RS Gayakwad', 'Renuka Singh']","['A Hunter', 'GH Lewis', 'O Prendergast', 'L Delany', 'EAJ Richardson', 'L Little', 'MV Waldron', 'L Paul', 'G Dempsey', 'C Murray', 'AN Kelly']",India,bat,AY Harris,Kim Cotton,N Perera,JM Williams,JM Pereira,India,Ireland,5.0,,,True,S Mandhana
2023-02-21,2022/23,Group 2,19.0,England,Pakistan,Cape Town,"Newlands, Cape Town","['DN Wyatt', 'SIR Dunkley', 'A Capsey', 'NR Sciver-Brunt', 'HC Knight', 'AE Jones', 'S Ecclestone', 'KH Sciver-Brunt', 'S Glenn', 'CE Dean', 'FR Davies']","['Sadaf Shamas', 'Muneeba Ali', 'Umaima Sohail', 'Sidra Ameen', 'Nida Dar', 'Aliya Riaz', 'Fatima Sana', 'Sidra Nawaz', 'Tuba Hassan', 'Nashra Sandhu', 'Sadia Iqbal']",England,bat,Lauren Agenbag,VG Rathi,N Janani,Eloise Sheridan,GS Lakshmi,England,Pakistan,114.0,,,,NR Sciver-Brunt
2023-02-21,2022/23,Group 1,20.0,Bangladesh,South Africa,Cape Town,"Newlands, Cape Town","['Shamima Sultana', 'Murshida Khatun', 'S Mostary', 'Nigar Sultana', 'Shorna Akter', 'Fargana Hoque', 'Nahida Akter', 'Lata Mondal', 'Fahima Khatun', 'Marufa Akter', 'Jahanara Alam']","['L Wolvaardt', 'T Brits', 'M Kapp', 'S Luus', 'CL Tryon', 'A Bosch', 'N de Klerk', 'S Jafta', 'S Ismail', 'A Khaka', 'N Mlaba']",Bangladesh,bat,Eloise Sheridan,S Redfern,VG Rathi,N Janani,GS Lakshmi,South Africa,Bangladesh,,10.0,,,L Wolvaardt
2023-02-23,2022/23,Semi Final,,Australia,India,Cape Town,"Newlands, Cape Town","['AJ Healy', 'BL Mooney', 'MM Lanning', 'A Gardner', 'GM Harris', 'EA Perry', 'TM McGrath', 'G Wareham', 'JL Jonassen', 'ML Schutt', 'D Brown']","['Shafali Verma', 'S Mandhana', 'YH Bhatia', 'JI Rodrigues', 'H Kaur', 'RM Ghosh', 'DB Sharma', 'S Rana', 'RP Yadav', 'S Pandey', 'Renuka Singh']",Australia,bat,Kim Cotton,N Perera,S Redfern,Lauren Agenbag,SA Fritz,Australia,India,5.0,,,,A Gardner
2023-02-24,2022/23,Semi Final,,South Africa,England,Cape Town,"Newlands, Cape Town","['L Wolvaardt', 'T Brits', 'M Kapp', 'CL Tryon', 'N de Klerk', 'S Luus', 'A Bosch', 'S Jafta', 'S Ismail', 'A Khaka', 'N Mlaba']","['DN Wyatt', 'SIR Dunkley', 'A Capsey', 'NR Sciver-Brunt', 'HC Knight', 'AE Jones', 'S Ecclestone', 'KH Sciver-Brunt', 'S Glenn', 'CE Dean', 'LK Bell']",South Africa,bat,CA Polosak,JM Williams,Eloise Sheridan,VG Rathi,GS Lakshmi,South Africa,England,6.0,,,,T Brits
2023-02-26,2022/23,Final,,Australia,South Africa,Cape Town,"Newlands, Cape Town","['AJ Healy', 'BL Mooney', 'A Gardner', 'GM Harris', 'MM Lanning', 'EA Perry', 'G Wareham', 'TM McGrath', 'JL Jonassen', 'ML Schutt', 'D Brown']","['L Wolvaardt', 'T Brits', 'M Kapp', 'S Luus', 'CL Tryon', 'N de Klerk', 'A Bosch', 'S Jafta', 'S Ismail', 'A Khaka', 'N Mlaba']",Australia,bat,JM Williams,Kim Cotton,S Redfern,N Perera,GS Lakshmi,Australia,South Africa,19.0,,,,BL Mooney
